date;temperature;pluie;majsite;succesAPI
2026-07-01 17:00:00 CEST;28.1;0;2026-07-01 17:44:38 CEST;yes
2026-07-01 17:00:00 CEST;28.1;0;2026-07-01 17:45:02 CEST;yes
2026-07-01 17:00:00 CEST;28.1;0;2026-07-01 17:50:03 CEST;yes
2026-07-01 17:00:00 CEST;28.1;0;2026-07-01 17:54:20 CEST;yes
2026-07-01 17:00:00 CEST;28.1;0;2026-07-01 17:55:02 CEST;yes
2026-07-01 18:00:00 CEST;27.8;0;2026-07-01 18:40:03 CEST;yes
2026-07-01 18:00:00 CEST;27.8;0;2026-07-01 18:45:03 CEST;yes
2026-07-01 18:00:00 CEST;27.8;0;2026-07-01 18:50:03 CEST;yes
2026-07-01 18:00:00 CEST;27.8;0;2026-07-01 18:55:03 CEST;yes
2026-07-01 19:00:00 CEST;27.5;0;2026-07-01 19:15:03 CEST;yes
2026-07-01 19:00:00 CEST;27.5;0;2026-07-01 19:20:02 CEST;yes
2026-07-01 19:00:00 CEST;27.5;0;2026-07-01 19:25:03 CEST;yes
2026-07-01 19:00:00 CEST;27.5;0;2026-07-01 19:30:03 CEST;yes
2026-07-01 19:00:00 CEST;27.5;0;2026-07-01 19:35:03 CEST;yes
2026-07-01 19:00:00 CEST;27.5;0;2026-07-01 19:40:03 CEST;yes
2026-07-01 19:00:00 CEST;27.5;0;2026-07-01 19:45:03 CEST;yes
2026-07-01 19:00:00 CEST;27.5;0;2026-07-01 19:50:03 CEST;yes
2026-07-01 19:00:00 CEST;27.5;0;2026-07-01 19:55:03 CEST;yes
2026-07-01 20:00:00 CEST;26.9;0;2026-07-01 20:20:16 CEST;yes
2026-07-01 20:00:00 CEST;26.9;0;2026-07-01 20:20:25 CEST;yes
2026-07-01 20:00:00 CEST;26.9;0;2026-07-01 20:22:53 CEST;yes
2026-07-01 20:00:00 CEST;26.9;0;2026-07-01 20:25:04 CEST;yes
2026-07-01 20:00:00 CEST;26.9;0;2026-07-01 20:30:04 CEST;yes
2026-07-01 20:00:00 CEST;26.9;0;2026-07-01 20:35:05 CEST;yes
2026-07-01 20:00:00 CEST;26.9;0;2026-07-01 20:40:03 CEST;yes
2026-07-01 20:00:00 CEST;26.9;0;2026-07-01 20:45:03 CEST;yes
2026-07-01 20:00:00 CEST;26.9;0;2026-07-01 20:50:03 CEST;yes
2026-07-01 20:00:00 CEST;26.9;0;2026-07-01 20:55:04 CEST;yes
2026-07-01 21:00:00 CEST;25.4;0;2026-07-01 21:15:05 CEST;yes
2026-07-01 21:00:00 CEST;25.4;0;2026-07-01 21:20:04 CEST;yes
2026-07-01 21:00:00 CEST;25.4;0;2026-07-01 21:25:04 CEST;yes
2026-07-01 21:00:00 CEST;25.4;0;2026-07-01 21:30:04 CEST;yes
2026-07-01 21:00:00 CEST;25.4;0;2026-07-01 21:35:05 CEST;yes
2026-07-01 21:00:00 CEST;25.4;0;2026-07-01 21:40:08 CEST;yes
2026-07-01 21:00:00 CEST;25.4;0;2026-07-01 21:45:05 CEST;yes
2026-07-01 21:00:00 CEST;25.4;0;2026-07-01 21:50:04 CEST;yes
2026-07-01 21:00:00 CEST;25.4;0;2026-07-01 21:55:05 CEST;yes
2026-07-01 22:00:00 CEST;24.1;0;2026-07-01 22:15:04 CEST;yes
2026-07-01 22:00:00 CEST;24.1;0;2026-07-01 22:20:04 CEST;yes
2026-07-01 22:00:00 CEST;24.1;0;2026-07-01 22:25:04 CEST;yes
2026-07-01 22:00:00 CEST;24.1;0;2026-07-01 22:30:05 CEST;yes
2026-07-01 22:00:00 CEST;24.1;0;2026-07-01 22:35:04 CEST;yes
2026-07-01 22:00:00 CEST;24.1;0;2026-07-01 22:40:04 CEST;yes
2026-07-01 22:00:00 CEST;24.1;0;2026-07-01 22:45:05 CEST;yes
2026-07-01 22:00:00 CEST;24.1;0;2026-07-01 22:50:05 CEST;yes
2026-07-01 22:00:00 CEST;24.1;0;2026-07-01 22:55:04 CEST;yes
2026-07-01 23:00:00 CEST;22.8;0;2026-07-01 23:15:04 CEST;yes
2026-07-01 23:00:00 CEST;22.8;0;2026-07-01 23:20:04 CEST;yes
2026-07-01 23:00:00 CEST;22.8;0;2026-07-01 23:25:04 CEST;yes
2026-07-01 23:00:00 CEST;22.8;0;2026-07-01 23:30:04 CEST;yes
2026-07-01 23:00:00 CEST;22.8;0;2026-07-01 23:35:04 CEST;yes
2026-07-01 23:00:00 CEST;22.8;0;2026-07-01 23:40:04 CEST;yes
2026-07-01 23:00:00 CEST;22.8;0;2026-07-01 23:45:04 CEST;yes
2026-07-01 23:00:00 CEST;22.8;0;2026-07-01 23:50:05 CEST;yes
2026-07-01 23:00:00 CEST;22.8;0;2026-07-01 23:55:04 CEST;yes
2026-07-02 00:00:00 CEST;21.6;0;2026-07-02 00:15:04 CEST;yes
2026-07-02 00:00:00 CEST;21.6;0;2026-07-02 00:20:03 CEST;yes
2026-07-02 00:00:00 CEST;21.6;0;2026-07-02 00:25:04 CEST;yes
2026-07-02 00:00:00 CEST;21.6;0;2026-07-02 00:30:05 CEST;yes
2026-07-02 00:00:00 CEST;21.6;0;2026-07-02 00:35:04 CEST;yes
2026-07-02 00:00:00 CEST;21.6;0;2026-07-02 00:40:04 CEST;yes
2026-07-02 00:00:00 CEST;21.6;0;2026-07-02 00:45:05 CEST;yes
2026-07-02 00:00:00 CEST;21.6;0;2026-07-02 00:50:04 CEST;yes
2026-07-02 00:00:00 CEST;21.6;0;2026-07-02 00:55:04 CEST;yes
2026-07-02 01:00:00 CEST;20.5;0;2026-07-02 01:15:04 CEST;yes
2026-07-02 01:00:00 CEST;20.5;0;2026-07-02 01:20:03 CEST;yes
2026-07-02 01:00:00 CEST;20.5;0;2026-07-02 01:25:04 CEST;yes
2026-07-02 01:00:00 CEST;20.5;0;2026-07-02 01:30:05 CEST;yes
2026-07-02 01:00:00 CEST;20.5;0;2026-07-02 01:35:04 CEST;yes
2026-07-02 01:00:00 CEST;20.5;0;2026-07-02 01:40:04 CEST;yes
2026-07-02 01:00:00 CEST;20.5;0;2026-07-02 01:45:04 CEST;yes
2026-07-02 01:00:00 CEST;20.5;0;2026-07-02 01:50:04 CEST;yes
2026-07-02 01:00:00 CEST;20.5;0;2026-07-02 01:55:04 CEST;yes
2026-07-02 02:00:00 CEST;19.3;0;2026-07-02 02:15:04 CEST;yes
2026-07-02 02:00:00 CEST;19.3;0;2026-07-02 02:20:05 CEST;yes
2026-07-02 02:00:00 CEST;19.3;0;2026-07-02 02:25:04 CEST;yes
2026-07-02 02:00:00 CEST;19.3;0;2026-07-02 02:30:04 CEST;yes
2026-07-02 02:00:00 CEST;19.3;0;2026-07-02 02:35:05 CEST;yes
2026-07-02 02:00:00 CEST;19.3;0;2026-07-02 02:40:05 CEST;yes
2026-07-02 02:00:00 CEST;19.3;0;2026-07-02 02:45:05 CEST;yes
2026-07-02 02:00:00 CEST;19.3;0;2026-07-02 02:50:04 CEST;yes
2026-07-02 02:00:00 CEST;19.3;0;2026-07-02 02:55:04 CEST;yes
2026-07-02 03:00:00 CEST;18.5;0;2026-07-02 03:15:05 CEST;yes
2026-07-02 03:00:00 CEST;18.5;0;2026-07-02 03:20:04 CEST;yes
2026-07-02 03:00:00 CEST;18.5;0;2026-07-02 03:25:04 CEST;yes
2026-07-02 03:00:00 CEST;18.5;0;2026-07-02 03:30:05 CEST;yes
2026-07-02 03:00:00 CEST;18.5;0;2026-07-02 03:35:05 CEST;yes
2026-07-02 03:00:00 CEST;18.5;0;2026-07-02 03:40:05 CEST;yes
2026-07-02 03:00:00 CEST;18.5;0;2026-07-02 03:45:04 CEST;yes
2026-07-02 03:00:00 CEST;18.5;0;2026-07-02 03:50:04 CEST;yes
2026-07-02 03:00:00 CEST;18.5;0;2026-07-02 03:55:04 CEST;yes
2026-07-02 04:00:00 CEST;17.9;0;2026-07-02 04:15:05 CEST;yes
2026-07-02 04:00:00 CEST;17.9;0;2026-07-02 04:20:04 CEST;yes
2026-07-02 04:00:00 CEST;17.9;0;2026-07-02 04:25:05 CEST;yes
2026-07-02 04:00:00 CEST;17.9;0;2026-07-02 04:30:05 CEST;yes
2026-07-02 04:00:00 CEST;17.9;0;2026-07-02 04:35:04 CEST;yes
2026-07-02 04:00:00 CEST;17.9;0;2026-07-02 04:40:04 CEST;yes
2026-07-02 04:00:00 CEST;17.9;0;2026-07-02 04:45:04 CEST;yes
2026-07-02 04:00:00 CEST;17.9;0;2026-07-02 04:50:04 CEST;yes
2026-07-02 04:00:00 CEST;17.9;0;2026-07-02 04:55:04 CEST;yes
2026-07-02 05:00:00 CEST;17.3;0;2026-07-02 05:15:04 CEST;yes
2026-07-02 05:00:00 CEST;17.3;0;2026-07-02 05:20:03 CEST;yes
2026-07-02 05:00:00 CEST;17.3;0;2026-07-02 05:25:04 CEST;yes
2026-07-02 05:00:00 CEST;17.3;0;2026-07-02 05:30:05 CEST;yes
2026-07-02 05:00:00 CEST;17.3;0;2026-07-02 05:35:05 CEST;yes
2026-07-02 05:00:00 CEST;17.3;0;2026-07-02 05:40:05 CEST;yes
2026-07-02 05:00:00 CEST;17.3;0;2026-07-02 05:45:04 CEST;yes
2026-07-02 05:00:00 CEST;17.3;0;2026-07-02 05:50:05 CEST;yes
2026-07-02 05:00:00 CEST;17.3;0;2026-07-02 05:55:05 CEST;yes
2026-07-02 05:00:00 CEST;17.3;0;2026-07-02 05:58:15 CEST;yes
2026-07-02 06:00:00 CEST;17.3;0;2026-07-02 06:15:05 CEST;yes
2026-07-02 06:00:00 CEST;17.3;0;2026-07-02 06:16:28 CEST;yes
2026-07-02 06:00:00 CEST;17.3;0;2026-07-02 06:20:04 CEST;yes
2026-07-02 06:00:00 CEST;17.3;0;2026-07-02 06:25:05 CEST;yes
2026-07-02 06:00:00 CEST;17.3;0;2026-07-02 06:30:08 CEST;yes
2026-07-02 06:00:00 CEST;17.3;0;2026-07-02 06:35:04 CEST;yes
2026-07-02 06:00:00 CEST;17.3;0;2026-07-02 06:40:05 CEST;yes
2026-07-02 06:00:00 CEST;17.3;0;2026-07-02 06:45:06 CEST;yes
2026-07-02 06:00:00 CEST;17.3;0;2026-07-02 06:50:03 CEST;yes
2026-07-02 06:00:00 CEST;17.3;0;2026-07-02 06:55:03 CEST;yes
2026-07-02 07:00:00 CEST;17.3;0;2026-07-02 07:15:04 CEST;yes
2026-07-02 07:00:00 CEST;17.3;0;2026-07-02 07:20:04 CEST;yes
2026-07-02 07:00:00 CEST;17.3;0;2026-07-02 07:25:04 CEST;yes
2026-07-02 07:00:00 CEST;17.3;0;2026-07-02 07:30:05 CEST;yes
2026-07-02 08:00:00 CEST;19.4;0;2026-07-02 08:30:34 CEST;yes
2026-07-02 08:00:00 CEST;19.4;0;2026-07-02 08:35:04 CEST;yes
2026-07-02 08:00:00 CEST;19.4;0;2026-07-02 08:36:43 CEST;yes
2026-07-02 08:00:00 CEST;19.4;0;2026-07-02 08:40:04 CEST;yes
2026-07-02 08:00:00 CEST;19.4;0;2026-07-02 08:42:55 CEST;yes
2026-07-02 08:00:00 CEST;19.4;0;2026-07-02 08:44:53 CEST;yes
2026-07-02 08:00:00 CEST;19.4;0;2026-07-02 08:45:04 CEST;yes
2026-07-02 08:00:00 CEST;19.4;0;2026-07-02 08:50:04 CEST;yes
2026-07-02 08:00:00 CEST;19.4;0;2026-07-02 08:51:55 CEST;yes
2026-07-02 08:00:00 CEST;19.4;0;2026-07-02 08:53:41 CEST;yes
2026-07-02 08:00:00 CEST;19.4;0;2026-07-02 08:55:04 CEST;yes
2026-07-02 08:00:00 CEST;19.4;0;2026-07-02 08:59:08 CEST;yes
2026-07-02 09:00:00 CEST;21.0;0;2026-07-02 09:15:05 CEST;yes
2026-07-02 09:00:00 CEST;21.0;0;2026-07-02 09:20:05 CEST;yes
2026-07-02 09:00:00 CEST;21.0;0;2026-07-02 09:25:05 CEST;yes
2026-07-02 09:00:00 CEST;21.0;0;2026-07-02 09:30:05 CEST;yes
2026-07-02 09:00:00 CEST;21.0;0;2026-07-02 09:35:05 CEST;yes
2026-07-02 09:00:00 CEST;21.0;0;2026-07-02 09:40:05 CEST;yes
2026-07-02 09:00:00 CEST;21.0;0;2026-07-02 09:45:05 CEST;yes
2026-07-02 09:00:00 CEST;21.0;0;2026-07-02 09:50:04 CEST;yes
2026-07-02 09:00:00 CEST;21.0;0;2026-07-02 09:55:04 CEST;yes
2026-07-02 10:00:00 CEST;23.4;0;2026-07-02 10:15:04 CEST;yes
2026-07-02 10:00:00 CEST;23.4;0;2026-07-02 10:20:05 CEST;yes
2026-07-02 10:00:00 CEST;23.4;0;2026-07-02 10:25:05 CEST;yes
2026-07-02 10:00:00 CEST;23.4;0;2026-07-02 10:30:05 CEST;yes
2026-07-02 10:00:00 CEST;23.4;0;2026-07-02 10:35:04 CEST;yes
2026-07-02 10:00:00 CEST;23.4;0;2026-07-02 10:40:05 CEST;yes
2026-07-02 10:00:00 CEST;23.4;0;2026-07-02 10:46:52 CEST;yes
2026-07-02 10:00:00 CEST;23.4;0;2026-07-02 10:58:51 CEST;yes
2026-07-02 11:00:00 CEST;26.7;0;2026-07-02 11:14:22 CEST;yes
2026-07-02 11:00:00 CEST;26.7;0;2026-07-02 11:15:04 CEST;yes
2026-07-02 11:00:00 CEST;26.7;0;2026-07-02 11:15:57 CEST;yes
2026-07-02 11:00:00 CEST;26.7;0;2026-07-02 11:20:07 CEST;yes
2026-07-02 11:00:00 CEST;26.7;0;2026-07-02 11:33:14 CEST;yes
2026-07-02 11:00:00 CEST;26.7;0;2026-07-02 11:50:05 CEST;yes
2026-07-02 12:00:00 CEST;27.5;0;2026-07-02 12:25:06 CEST;yes
2026-07-02 12:00:00 CEST;27.5;0;2026-07-02 12:30:05 CEST;yes
2026-07-02 12:00:00 CEST;27.5;0;2026-07-02 12:35:04 CEST;yes
2026-07-02 12:00:00 CEST;27.5;0;2026-07-02 12:40:05 CEST;yes
2026-07-02 12:00:00 CEST;27.5;0;2026-07-02 12:45:05 CEST;yes
2026-07-02 12:00:00 CEST;27.5;0;2026-07-02 12:50:05 CEST;yes
2026-07-02 12:00:00 CEST;27.5;0;2026-07-02 12:55:05 CEST;yes
2026-07-02 13:00:00 CEST;28.3;0;2026-07-02 13:15:04 CEST;yes
2026-07-02 13:00:00 CEST;28.3;0;2026-07-02 13:20:05 CEST;yes
2026-07-02 13:00:00 CEST;28.3;0;2026-07-02 13:25:05 CEST;yes
2026-07-02 13:00:00 CEST;28.3;0;2026-07-02 13:30:04 CEST;yes
2026-07-02 13:00:00 CEST;28.3;0;2026-07-02 13:35:04 CEST;yes
2026-07-02 13:00:00 CEST;28.3;0;2026-07-02 13:40:05 CEST;yes
2026-07-02 13:00:00 CEST;28.3;0;2026-07-02 13:45:05 CEST;yes
2026-07-02 13:00:00 CEST;28.3;0;2026-07-02 13:50:05 CEST;yes
2026-07-02 13:00:00 CEST;28.3;0;2026-07-02 13:55:04 CEST;yes
2026-07-02 14:00:00 CEST;29.5;0;2026-07-02 14:14:40 CEST;yes
2026-07-02 14:00:00 CEST;29.5;0;2026-07-02 14:15:04 CEST;yes
2026-07-02 14:00:00 CEST;29.5;0;2026-07-02 14:20:05 CEST;yes
2026-07-02 14:00:00 CEST;29.5;0;2026-07-02 14:25:05 CEST;yes
2026-07-02 14:00:00 CEST;29.5;0;2026-07-02 14:30:05 CEST;yes
2026-07-02 14:00:00 CEST;29.5;0;2026-07-02 14:35:04 CEST;yes
2026-07-02 14:00:00 CEST;29.5;0;2026-07-02 14:40:05 CEST;yes
2026-07-02 14:00:00 CEST;29.5;0;2026-07-02 14:45:03 CEST;yes
2026-07-02 14:00:00 CEST;29.5;0;2026-07-02 14:50:04 CEST;yes
2026-07-02 14:00:00 CEST;29.5;0;2026-07-02 14:55:04 CEST;yes
2026-07-02 15:00:00 CEST;30.0;0;2026-07-02 15:15:04 CEST;yes
2026-07-02 15:00:00 CEST;30.0;0;2026-07-02 15:20:05 CEST;yes
2026-07-02 15:00:00 CEST;30.0;0;2026-07-02 15:21:33 CEST;yes
2026-07-02 15:00:00 CEST;30.0;0;2026-07-02 15:25:05 CEST;yes
2026-07-02 15:00:00 CEST;30.0;0;2026-07-02 15:30:04 CEST;yes
2026-07-02 15:00:00 CEST;30.0;0;2026-07-02 15:35:05 CEST;yes
2026-07-02 15:00:00 CEST;30.0;0;2026-07-02 15:40:05 CEST;yes
2026-07-02 15:00:00 CEST;30.0;0;2026-07-02 15:45:04 CEST;yes
2026-07-02 15:00:00 CEST;30.0;0;2026-07-02 15:50:04 CEST;yes
2026-07-02 15:00:00 CEST;30.0;0;2026-07-02 15:55:04 CEST;yes
2026-07-02 16:00:00 CEST;29.5;0;2026-07-02 16:15:05 CEST;yes
2026-07-02 16:00:00 CEST;29.5;0;2026-07-02 16:20:05 CEST;yes
2026-07-02 16:00:00 CEST;29.5;0;2026-07-02 16:25:05 CEST;yes
2026-07-02 16:00:00 CEST;29.5;0;2026-07-02 16:30:06 CEST;yes
2026-07-02 16:00:00 CEST;29.5;0;2026-07-02 16:35:06 CEST;yes
2026-07-02 16:00:00 CEST;29.5;0;2026-07-02 16:40:06 CEST;yes
2026-07-02 16:00:00 CEST;29.5;0;2026-07-02 16:45:06 CEST;yes
2026-07-02 16:00:00 CEST;29.5;0;2026-07-02 16:50:05 CEST;yes
2026-07-02 16:00:00 CEST;29.5;0;2026-07-02 16:55:05 CEST;yes
2026-07-02 17:00:00 CEST;29.1;0;2026-07-02 17:15:06 CEST;yes
2026-07-02 17:00:00 CEST;29.1;0;2026-07-02 17:20:05 CEST;yes
2026-07-02 17:00:00 CEST;29.1;0;2026-07-02 17:25:04 CEST;yes
2026-07-02 17:00:00 CEST;29.1;0;2026-07-02 17:26:49 CEST;yes
2026-07-02 17:00:00 CEST;29.1;0;2026-07-02 17:28:46 CEST;yes
2026-07-02 17:00:00 CEST;29.1;0;2026-07-02 17:30:05 CEST;yes
2026-07-02 17:00:00 CEST;29.1;0;2026-07-02 17:32:19 CEST;yes
2026-07-02 17:00:00 CEST;29.1;0;2026-07-02 17:35:05 CEST;yes
2026-07-02 17:00:00 CEST;29.1;0;2026-07-02 17:40:05 CEST;yes
2026-07-02 17:00:00 CEST;29.1;0;2026-07-02 17:45:05 CEST;yes
2026-07-02 19:00:00 CEST;28.3;0;2026-07-02 19:50:33 CEST;yes
2026-07-02 20:00:00 CEST;26.8;0;2026-07-02 20:45:03 CEST;yes
2026-07-02 20:00:00 CEST;26.8;0;2026-07-02 20:50:03 CEST;yes
2026-07-02 20:00:00 CEST;26.8;0;2026-07-02 20:55:02 CEST;yes
2026-07-02 21:00:00 CEST;26.7;0;2026-07-02 21:15:07 CEST;yes
2026-07-02 21:00:00 CEST;26.7;0;2026-07-02 21:20:05 CEST;yes
2026-07-02 21:00:00 CEST;26.7;0;2026-07-02 21:25:05 CEST;yes
2026-07-02 21:00:00 CEST;26.7;0;2026-07-02 21:30:04 CEST;yes
2026-07-02 21:00:00 CEST;26.7;0;2026-07-02 21:35:04 CEST;yes
2026-07-02 21:00:00 CEST;26.7;0;2026-07-02 21:40:05 CEST;yes
2026-07-02 21:00:00 CEST;26.7;0;2026-07-02 21:45:04 CEST;yes
2026-07-02 21:00:00 CEST;26.7;0;2026-07-02 21:50:04 CEST;yes
2026-07-02 21:00:00 CEST;26.7;0;2026-07-02 21:55:04 CEST;yes
2026-07-02 22:00:00 CEST;25.5;0;2026-07-02 22:15:05 CEST;yes
2026-07-02 22:00:00 CEST;25.5;0;2026-07-02 22:20:05 CEST;yes
2026-07-02 22:00:00 CEST;25.5;0;2026-07-02 22:25:05 CEST;yes
2026-07-02 22:00:00 CEST;25.5;0;2026-07-02 22:30:05 CEST;yes
2026-07-02 22:00:00 CEST;25.5;0;2026-07-02 22:35:05 CEST;yes
2026-07-02 22:00:00 CEST;25.5;0;2026-07-02 22:40:04 CEST;yes
2026-07-02 22:00:00 CEST;25.5;0;2026-07-02 22:45:05 CEST;yes
2026-07-02 22:00:00 CEST;25.5;0;2026-07-02 22:50:05 CEST;yes
2026-07-02 22:00:00 CEST;25.5;0;2026-07-02 22:55:04 CEST;yes
2026-07-02 23:00:00 CEST;24.3;0;2026-07-02 23:15:05 CEST;yes
2026-07-02 23:00:00 CEST;24.3;0;2026-07-02 23:20:04 CEST;yes
2026-07-02 23:00:00 CEST;24.3;0;2026-07-02 23:25:04 CEST;yes
2026-07-02 23:00:00 CEST;24.3;0;2026-07-02 23:30:04 CEST;yes
2026-07-02 23:00:00 CEST;24.3;0;2026-07-02 23:35:04 CEST;yes
2026-07-02 23:00:00 CEST;24.3;0;2026-07-02 23:40:04 CEST;yes
2026-07-02 23:00:00 CEST;24.3;0;2026-07-02 23:45:05 CEST;yes
2026-07-02 23:00:00 CEST;24.3;0;2026-07-02 23:50:05 CEST;yes
2026-07-02 23:00:00 CEST;24.3;0;2026-07-02 23:55:04 CEST;yes
2026-07-03 00:00:00 CEST;23.0;0;2026-07-03 00:15:04 CEST;yes
2026-07-03 00:00:00 CEST;23.0;0;2026-07-03 00:20:04 CEST;yes
2026-07-03 00:00:00 CEST;23.0;0;2026-07-03 00:25:04 CEST;yes
2026-07-03 00:00:00 CEST;23.0;0;2026-07-03 00:30:05 CEST;yes
2026-07-03 00:00:00 CEST;23.0;0;2026-07-03 00:35:05 CEST;yes
2026-07-03 00:00:00 CEST;23.0;0;2026-07-03 00:40:05 CEST;yes
2026-07-03 00:00:00 CEST;23.0;0;2026-07-03 00:45:04 CEST;yes
2026-07-03 00:00:00 CEST;23.0;0;2026-07-03 00:50:05 CEST;yes
2026-07-03 00:00:00 CEST;23.0;0;2026-07-03 00:55:05 CEST;yes
2026-07-03 01:00:00 CEST;21.8;0;2026-07-03 01:15:05 CEST;yes
2026-07-03 01:00:00 CEST;21.8;0;2026-07-03 01:20:04 CEST;yes
2026-07-03 01:00:00 CEST;21.8;0;2026-07-03 01:25:04 CEST;yes
2026-07-03 01:00:00 CEST;21.8;0;2026-07-03 01:30:04 CEST;yes
2026-07-03 01:00:00 CEST;21.8;0;2026-07-03 01:35:05 CEST;yes
2026-07-03 01:00:00 CEST;21.8;0;2026-07-03 01:40:05 CEST;yes
2026-07-03 01:00:00 CEST;21.8;0;2026-07-03 01:45:04 CEST;yes
2026-07-03 01:00:00 CEST;21.8;0;2026-07-03 01:50:04 CEST;yes
2026-07-03 01:00:00 CEST;21.8;0;2026-07-03 01:55:04 CEST;yes
2026-07-03 02:00:00 CEST;21.6;0;2026-07-03 02:15:04 CEST;yes
2026-07-03 02:00:00 CEST;21.6;0;2026-07-03 02:20:04 CEST;yes
2026-07-03 02:00:00 CEST;21.6;0;2026-07-03 02:25:05 CEST;yes
2026-07-03 02:00:00 CEST;21.6;0;2026-07-03 02:30:05 CEST;yes
2026-07-03 02:00:00 CEST;21.6;0;2026-07-03 02:35:05 CEST;yes
2026-07-03 02:00:00 CEST;21.6;0;2026-07-03 02:40:04 CEST;yes
2026-07-03 02:00:00 CEST;21.6;0;2026-07-03 02:45:04 CEST;yes
2026-07-03 02:00:00 CEST;21.6;0;2026-07-03 02:50:05 CEST;yes
2026-07-03 02:00:00 CEST;21.6;0;2026-07-03 02:55:05 CEST;yes
2026-07-03 03:00:00 CEST;21.0;0;2026-07-03 03:15:05 CEST;yes
2026-07-03 03:00:00 CEST;21.0;0;2026-07-03 03:20:04 CEST;yes
2026-07-03 03:00:00 CEST;21.0;0;2026-07-03 03:25:04 CEST;yes
2026-07-03 03:00:00 CEST;21.0;0;2026-07-03 03:30:04 CEST;yes
2026-07-03 03:00:00 CEST;21.0;0;2026-07-03 03:35:04 CEST;yes
2026-07-03 03:00:00 CEST;21.0;0;2026-07-03 03:40:05 CEST;yes
2026-07-03 03:00:00 CEST;21.0;0;2026-07-03 03:45:04 CEST;yes
2026-07-03 03:00:00 CEST;21.0;0;2026-07-03 03:50:04 CEST;yes
2026-07-03 03:00:00 CEST;21.0;0;2026-07-03 03:55:04 CEST;yes
2026-07-03 04:00:00 CEST;20.1;0;2026-07-03 04:15:05 CEST;yes
2026-07-03 04:00:00 CEST;20.1;0;2026-07-03 04:20:05 CEST;yes
2026-07-03 04:00:00 CEST;20.1;0;2026-07-03 04:25:04 CEST;yes
2026-07-03 04:00:00 CEST;20.1;0;2026-07-03 04:30:04 CEST;yes
2026-07-03 04:00:00 CEST;20.1;0;2026-07-03 04:35:05 CEST;yes
2026-07-03 04:00:00 CEST;20.1;0;2026-07-03 04:40:04 CEST;yes
2026-07-03 04:00:00 CEST;20.1;0;2026-07-03 04:45:05 CEST;yes
2026-07-03 04:00:00 CEST;20.1;0;2026-07-03 04:50:05 CEST;yes
2026-07-03 04:00:00 CEST;20.1;0;2026-07-03 04:55:04 CEST;yes
2026-07-03 05:00:00 CEST;19.3;0;2026-07-03 05:15:05 CEST;yes
2026-07-03 05:00:00 CEST;19.3;0;2026-07-03 05:20:04 CEST;yes
2026-07-03 05:00:00 CEST;19.3;0;2026-07-03 05:25:04 CEST;yes
2026-07-03 05:00:00 CEST;19.3;0;2026-07-03 05:30:04 CEST;yes
2026-07-03 05:00:00 CEST;19.3;0;2026-07-03 05:35:05 CEST;yes
2026-07-03 05:00:00 CEST;19.3;0;2026-07-03 05:40:05 CEST;yes
2026-07-03 05:00:00 CEST;19.3;0;2026-07-03 05:45:04 CEST;yes
2026-07-03 05:00:00 CEST;19.3;0;2026-07-03 05:50:04 CEST;yes
2026-07-03 05:00:00 CEST;19.3;0;2026-07-03 05:55:04 CEST;yes
2026-07-03 06:00:00 CEST;18.7;0;2026-07-03 06:15:05 CEST;yes
2026-07-03 06:00:00 CEST;18.7;0;2026-07-03 06:20:04 CEST;yes
2026-07-03 06:00:00 CEST;18.7;0;2026-07-03 06:25:04 CEST;yes
2026-07-03 06:00:00 CEST;18.7;0;2026-07-03 06:30:05 CEST;yes
2026-07-03 06:00:00 CEST;18.7;0;2026-07-03 06:35:05 CEST;yes
2026-07-03 06:00:00 CEST;18.7;0;2026-07-03 06:40:05 CEST;yes
2026-07-03 06:00:00 CEST;18.7;0;2026-07-03 06:45:04 CEST;yes
2026-07-03 06:00:00 CEST;18.7;0;2026-07-03 06:50:04 CEST;yes
2026-07-03 06:00:00 CEST;18.7;0;2026-07-03 06:55:04 CEST;yes
2026-07-03 07:00:00 CEST;18.6;0;2026-07-03 07:15:05 CEST;yes
2026-07-03 07:00:00 CEST;18.6;0;2026-07-03 07:20:04 CEST;yes
2026-07-03 07:00:00 CEST;18.6;0;2026-07-03 07:25:04 CEST;yes
2026-07-03 07:00:00 CEST;18.6;0;2026-07-03 07:30:04 CEST;yes
2026-07-03 07:00:00 CEST;18.6;0;2026-07-03 07:35:03 CEST;yes
2026-07-03 07:00:00 CEST;18.6;0;2026-07-03 07:40:04 CEST;yes
2026-07-03 07:00:00 CEST;18.6;0;2026-07-03 07:45:05 CEST;yes
2026-07-03 07:00:00 CEST;18.6;0;2026-07-03 07:50:05 CEST;yes
2026-07-03 07:00:00 CEST;18.6;0;2026-07-03 07:55:04 CEST;yes
2026-07-03 08:00:00 CEST;19.4;0;2026-07-03 08:40:05 CEST;yes
2026-07-03 08:00:00 CEST;19.4;0;2026-07-03 08:45:04 CEST;yes
2026-07-03 08:00:00 CEST;19.4;0;2026-07-03 08:50:04 CEST;yes
2026-07-03 08:00:00 CEST;19.4;0;2026-07-03 08:55:04 CEST;yes
2026-07-03 09:00:00 CEST;20.0;0;2026-07-03 09:15:04 CEST;yes
2026-07-03 09:00:00 CEST;20.0;0;2026-07-03 09:20:04 CEST;yes
2026-07-03 09:00:00 CEST;20.0;0;2026-07-03 09:25:04 CEST;yes
2026-07-03 09:00:00 CEST;20.0;0;2026-07-03 09:30:04 CEST;yes
2026-07-03 09:00:00 CEST;20.0;0;2026-07-03 09:35:04 CEST;yes
2026-07-03 09:00:00 CEST;20.0;0;2026-07-03 09:40:04 CEST;yes
2026-07-03 09:00:00 CEST;20.0;0;2026-07-03 09:45:05 CEST;yes
2026-07-03 09:00:00 CEST;20.0;0;2026-07-03 09:50:05 CEST;yes
2026-07-03 09:00:00 CEST;20.0;0;2026-07-03 09:55:05 CEST;yes
2026-07-03 10:00:00 CEST;21.4;0;2026-07-03 10:15:04 CEST;yes
2026-07-03 10:00:00 CEST;21.4;0;2026-07-03 10:20:03 CEST;yes
2026-07-03 10:00:00 CEST;21.4;0;2026-07-03 10:25:04 CEST;yes
2026-07-03 10:00:00 CEST;21.4;0;2026-07-03 10:30:05 CEST;yes
2026-07-03 10:00:00 CEST;21.4;0;2026-07-03 10:35:05 CEST;yes
2026-07-03 10:00:00 CEST;21.4;0;2026-07-03 10:40:04 CEST;yes
2026-07-03 10:00:00 CEST;21.4;0;2026-07-03 10:45:05 CEST;yes
2026-07-03 10:00:00 CEST;21.4;0;2026-07-03 10:50:05 CEST;yes
2026-07-03 10:00:00 CEST;21.4;0;2026-07-03 10:55:04 CEST;yes
2026-07-03 11:00:00 CEST;23.2;0;2026-07-03 11:15:05 CEST;yes
2026-07-03 11:00:00 CEST;23.2;0;2026-07-03 11:20:04 CEST;yes
2026-07-03 11:00:00 CEST;23.2;0;2026-07-03 11:25:04 CEST;yes
2026-07-03 11:00:00 CEST;23.2;0;2026-07-03 11:30:04 CEST;yes
2026-07-03 11:00:00 CEST;23.2;0;2026-07-03 11:35:04 CEST;yes
2026-07-03 11:00:00 CEST;23.2;0;2026-07-03 11:40:05 CEST;yes
2026-07-03 11:00:00 CEST;23.2;0;2026-07-03 11:45:05 CEST;yes
2026-07-03 11:00:00 CEST;23.2;0;2026-07-03 11:50:04 CEST;yes
2026-07-03 11:00:00 CEST;23.2;0;2026-07-03 11:55:05 CEST;yes
2026-07-03 12:00:00 CEST;24.2;0;2026-07-03 12:15:05 CEST;yes
2026-07-03 12:00:00 CEST;24.2;0;2026-07-03 12:20:04 CEST;yes
2026-07-03 12:00:00 CEST;24.2;0;2026-07-03 12:25:41 CEST;yes
2026-07-03 13:00:00 CEST;24.4;0;2026-07-03 13:50:05 CEST;yes
2026-07-03 13:00:00 CEST;24.4;0;2026-07-03 13:55:04 CEST;yes
2026-07-03 14:00:00 CEST;25.6;0;2026-07-03 14:15:04 CEST;yes
2026-07-03 14:00:00 CEST;25.6;0;2026-07-03 14:20:04 CEST;yes
2026-07-03 14:00:00 CEST;25.6;0;2026-07-03 14:25:04 CEST;yes
2026-07-03 14:00:00 CEST;25.6;0;2026-07-03 14:30:05 CEST;yes
2026-07-03 14:00:00 CEST;25.6;0;2026-07-03 14:35:05 CEST;yes
2026-07-03 14:00:00 CEST;25.6;0;2026-07-03 14:40:05 CEST;yes
2026-07-03 14:00:00 CEST;25.6;0;2026-07-03 14:45:04 CEST;yes
2026-07-03 14:00:00 CEST;25.6;0;2026-07-03 14:50:04 CEST;yes
2026-07-03 14:00:00 CEST;25.6;0;2026-07-03 14:55:03 CEST;yes
2026-07-03 15:00:00 CEST;25.6;0;2026-07-03 15:15:03 CEST;yes
2026-07-03 15:00:00 CEST;25.6;0;2026-07-03 15:20:04 CEST;yes
2026-07-03 15:00:00 CEST;25.6;0;2026-07-03 15:25:05 CEST;yes
2026-07-03 15:00:00 CEST;25.6;0;2026-07-03 15:30:05 CEST;yes
2026-07-03 15:00:00 CEST;25.6;0;2026-07-03 15:35:04 CEST;yes
2026-07-03 15:00:00 CEST;25.6;0;2026-07-03 15:40:05 CEST;yes
2026-07-03 15:00:00 CEST;25.6;0;2026-07-03 15:45:05 CEST;yes
2026-07-03 15:00:00 CEST;25.6;0;2026-07-03 15:50:05 CEST;yes
2026-07-03 15:00:00 CEST;25.6;0;2026-07-03 15:55:04 CEST;yes
2026-07-03 16:00:00 CEST;25.8;0;2026-07-03 16:15:04 CEST;yes
2026-07-03 16:00:00 CEST;25.8;0;2026-07-03 16:20:04 CEST;yes
2026-07-03 16:00:00 CEST;25.8;0;2026-07-03 16:25:04 CEST;yes
2026-07-03 16:00:00 CEST;25.8;0;2026-07-03 16:30:04 CEST;yes
2026-07-03 16:00:00 CEST;25.8;0;2026-07-03 16:35:05 CEST;yes
2026-07-03 16:00:00 CEST;25.8;0;2026-07-03 16:40:04 CEST;yes
2026-07-03 16:00:00 CEST;25.8;0;2026-07-03 16:45:03 CEST;yes
2026-07-03 16:00:00 CEST;25.8;0;2026-07-03 16:50:04 CEST;yes
2026-07-03 16:00:00 CEST;25.8;0;2026-07-03 16:55:05 CEST;yes
2026-07-03 17:00:00 CEST;26.4;0;2026-07-03 17:15:04 CEST;yes
2026-07-03 17:00:00 CEST;26.4;0;2026-07-03 17:24:21 CEST;yes
2026-07-03 20:00:00 CEST;25.9;0;2026-07-03 20:13:27 CEST;yes
2026-07-03 20:00:00 CEST;25.9;0;2026-07-03 20:15:04 CEST;yes
2026-07-03 20:00:00 CEST;25.9;0;2026-07-03 20:20:04 CEST;yes
2026-07-03 20:00:00 CEST;25.9;0;2026-07-03 20:25:04 CEST;yes
2026-07-03 20:00:00 CEST;25.9;0;2026-07-03 20:30:04 CEST;yes
2026-07-03 20:00:00 CEST;25.9;0;2026-07-03 20:40:48 CEST;yes
2026-07-03 20:00:00 CEST;25.9;0;2026-07-03 20:45:03 CEST;yes
2026-07-03 20:00:00 CEST;25.9;0;2026-07-03 20:50:02 CEST;yes
2026-07-03 20:00:00 CEST;25.9;0;2026-07-03 20:55:04 CEST;yes
2026-07-03 21:00:00 CEST;24.1;0;2026-07-03 21:15:06 CEST;yes
2026-07-03 21:00:00 CEST;24.1;0;2026-07-03 21:20:04 CEST;yes
2026-07-03 21:00:00 CEST;24.1;0;2026-07-03 21:25:04 CEST;yes
2026-07-03 21:00:00 CEST;24.1;0;2026-07-03 21:30:04 CEST;yes
2026-07-03 21:00:00 CEST;24.1;0;2026-07-03 21:35:05 CEST;yes
2026-07-03 21:00:00 CEST;24.1;0;2026-07-03 21:40:04 CEST;yes
2026-07-03 21:00:00 CEST;24.1;0;2026-07-03 21:45:05 CEST;yes
2026-07-03 21:00:00 CEST;24.1;0;2026-07-03 21:50:03 CEST;yes
2026-07-03 21:00:00 CEST;24.1;0;2026-07-03 21:55:04 CEST;yes
2026-07-03 22:00:00 CEST;22.0;0;2026-07-03 22:15:04 CEST;yes
2026-07-03 22:00:00 CEST;22.0;0;2026-07-03 22:20:04 CEST;yes
2026-07-03 22:00:00 CEST;22.0;0;2026-07-03 22:25:04 CEST;yes
2026-07-03 22:00:00 CEST;22.0;0;2026-07-03 22:30:04 CEST;yes
2026-07-03 22:00:00 CEST;22.0;0;2026-07-03 22:35:04 CEST;yes
2026-07-03 22:00:00 CEST;22.0;0;2026-07-03 22:40:04 CEST;yes
2026-07-03 22:00:00 CEST;22.0;0;2026-07-03 22:45:04 CEST;yes
2026-07-03 22:00:00 CEST;22.0;0;2026-07-03 22:50:05 CEST;yes
2026-07-03 22:00:00 CEST;22.0;0;2026-07-03 22:55:04 CEST;yes
2026-07-03 23:00:00 CEST;20.4;0;2026-07-03 23:15:04 CEST;yes
2026-07-03 23:00:00 CEST;20.4;0;2026-07-03 23:20:04 CEST;yes
2026-07-03 23:00:00 CEST;20.4;0;2026-07-03 23:25:04 CEST;yes
2026-07-03 23:00:00 CEST;20.4;0;2026-07-03 23:30:05 CEST;yes
2026-07-03 23:00:00 CEST;20.4;0;2026-07-03 23:35:05 CEST;yes
2026-07-03 23:00:00 CEST;20.4;0;2026-07-03 23:40:05 CEST;yes
2026-07-03 23:00:00 CEST;20.4;0;2026-07-03 23:45:05 CEST;yes
2026-07-03 23:00:00 CEST;20.4;0;2026-07-03 23:50:04 CEST;yes
2026-07-03 23:00:00 CEST;20.4;0;2026-07-03 23:55:04 CEST;yes
2026-07-04 00:00:00 CEST;19.4;0;2026-07-04 00:15:04 CEST;yes
2026-07-04 00:00:00 CEST;19.4;0;2026-07-04 00:20:04 CEST;yes
2026-07-04 00:00:00 CEST;19.4;0;2026-07-04 00:25:05 CEST;yes
2026-07-04 00:00:00 CEST;19.4;0;2026-07-04 00:30:05 CEST;yes
2026-07-04 00:00:00 CEST;19.4;0;2026-07-04 00:35:05 CEST;yes
2026-07-04 00:00:00 CEST;19.4;0;2026-07-04 00:40:04 CEST;yes
2026-07-04 00:00:00 CEST;19.4;0;2026-07-04 00:45:04 CEST;yes
2026-07-04 00:00:00 CEST;19.4;0;2026-07-04 00:50:05 CEST;yes
2026-07-04 00:00:00 CEST;19.4;0;2026-07-04 00:55:05 CEST;yes
2026-07-04 01:00:00 CEST;18.8;0;2026-07-04 01:15:05 CEST;yes
2026-07-04 01:00:00 CEST;18.8;0;2026-07-04 01:20:04 CEST;yes
2026-07-04 01:00:00 CEST;18.8;0;2026-07-04 01:25:04 CEST;yes
2026-07-04 01:00:00 CEST;18.8;0;2026-07-04 01:30:04 CEST;yes
2026-07-04 01:00:00 CEST;18.8;0;2026-07-04 01:35:04 CEST;yes
2026-07-04 01:00:00 CEST;18.8;0;2026-07-04 01:40:04 CEST;yes
2026-07-04 01:00:00 CEST;18.8;0;2026-07-04 01:45:04 CEST;yes
2026-07-04 01:00:00 CEST;18.8;0;2026-07-04 01:50:03 CEST;yes
2026-07-04 01:00:00 CEST;18.8;0;2026-07-04 01:55:03 CEST;yes
2026-07-04 02:00:00 CEST;18.4;0;2026-07-04 02:15:04 CEST;yes
2026-07-04 02:00:00 CEST;18.4;0;2026-07-04 02:20:04 CEST;yes
2026-07-04 02:00:00 CEST;18.4;0;2026-07-04 02:25:05 CEST;yes
2026-07-04 02:00:00 CEST;18.4;0;2026-07-04 02:30:05 CEST;yes
2026-07-04 02:00:00 CEST;18.4;0;2026-07-04 02:35:05 CEST;yes
2026-07-04 02:00:00 CEST;18.4;0;2026-07-04 02:40:04 CEST;yes
2026-07-04 02:00:00 CEST;18.4;0;2026-07-04 02:45:04 CEST;yes
2026-07-04 02:00:00 CEST;18.4;0;2026-07-04 02:50:04 CEST;yes
2026-07-04 02:00:00 CEST;18.4;0;2026-07-04 02:55:05 CEST;yes
2026-07-04 03:00:00 CEST;17.0;0;2026-07-04 03:15:05 CEST;yes
2026-07-04 03:00:00 CEST;17.0;0;2026-07-04 03:20:05 CEST;yes
2026-07-04 03:00:00 CEST;17.0;0;2026-07-04 03:25:05 CEST;yes
2026-07-04 03:00:00 CEST;17.0;0;2026-07-04 03:30:04 CEST;yes
2026-07-04 03:00:00 CEST;17.0;0;2026-07-04 03:35:04 CEST;yes
2026-07-04 03:00:00 CEST;17.0;0;2026-07-04 03:40:04 CEST;yes
2026-07-04 03:00:00 CEST;17.0;0;2026-07-04 03:45:04 CEST;yes
2026-07-04 03:00:00 CEST;17.0;0;2026-07-04 03:50:05 CEST;yes
2026-07-04 03:00:00 CEST;17.0;0;2026-07-04 03:55:05 CEST;yes
2026-07-04 04:00:00 CEST;17.6;0;2026-07-04 04:15:05 CEST;yes
2026-07-04 04:00:00 CEST;17.6;0;2026-07-04 04:20:04 CEST;yes
2026-07-04 04:00:00 CEST;17.6;0;2026-07-04 04:25:04 CEST;yes
2026-07-04 04:00:00 CEST;17.6;0;2026-07-04 04:30:04 CEST;yes
2026-07-04 04:00:00 CEST;17.6;0;2026-07-04 04:35:04 CEST;yes
2026-07-04 04:00:00 CEST;17.6;0;2026-07-04 04:40:04 CEST;yes
2026-07-04 04:00:00 CEST;17.6;0;2026-07-04 04:45:04 CEST;yes
2026-07-04 04:00:00 CEST;17.6;0;2026-07-04 04:50:05 CEST;yes
2026-07-04 04:00:00 CEST;17.6;0;2026-07-04 04:55:05 CEST;yes
2026-07-04 05:00:00 CEST;16.8;0;2026-07-04 05:15:05 CEST;yes
2026-07-04 05:00:00 CEST;16.8;0;2026-07-04 05:20:04 CEST;yes
2026-07-04 05:00:00 CEST;16.8;0;2026-07-04 05:25:04 CEST;yes
2026-07-04 05:00:00 CEST;16.8;0;2026-07-04 05:30:04 CEST;yes
2026-07-04 05:00:00 CEST;16.8;0;2026-07-04 05:35:04 CEST;yes
2026-07-04 05:00:00 CEST;16.8;0;2026-07-04 05:40:04 CEST;yes
2026-07-04 05:00:00 CEST;16.8;0;2026-07-04 05:45:04 CEST;yes
2026-07-04 05:00:00 CEST;16.8;0;2026-07-04 05:50:04 CEST;yes
2026-07-04 05:00:00 CEST;16.8;0;2026-07-04 05:55:04 CEST;yes
2026-07-04 06:00:00 CEST;15.8;0;2026-07-04 06:25:05 CEST;yes
2026-07-04 06:00:00 CEST;15.8;0;2026-07-04 06:30:05 CEST;yes
2026-07-04 06:00:00 CEST;15.8;0;2026-07-04 06:35:05 CEST;yes
2026-07-04 06:00:00 CEST;15.8;0;2026-07-04 06:40:05 CEST;yes
2026-07-04 06:00:00 CEST;15.8;0;2026-07-04 06:45:05 CEST;yes
2026-07-04 06:00:00 CEST;15.8;0;2026-07-04 06:50:04 CEST;yes
2026-07-04 06:00:00 CEST;15.8;0;2026-07-04 06:55:04 CEST;yes
2026-07-04 07:00:00 CEST;16.0;0;2026-07-04 07:54:43 CEST;yes
2026-07-04 10:00:00 CEST;22.0;0;2026-07-04 10:14:02 CEST;yes
2026-07-04 10:00:00 CEST;22.0;0;2026-07-04 10:58:42 CEST;yes
2026-07-04 11:00:00 CEST;24.9;0;2026-07-04 11:23:26 CEST;yes
2026-07-04 11:00:00 CEST;24.9;0;2026-07-04 11:25:04 CEST;yes
2026-07-04 11:00:00 CEST;24.9;0;2026-07-04 11:30:04 CEST;yes
2026-07-04 11:00:00 CEST;24.9;0;2026-07-04 11:35:05 CEST;yes
2026-07-04 12:00:00 CEST;26.6;0;2026-07-04 12:23:59 CEST;yes
2026-07-04 12:00:00 CEST;26.6;0;2026-07-04 12:25:04 CEST;yes
2026-07-04 12:00:00 CEST;26.6;0;2026-07-04 12:30:04 CEST;yes
2026-07-04 12:00:00 CEST;26.6;0;2026-07-04 12:35:04 CEST;yes
2026-07-04 12:00:00 CEST;26.6;0;2026-07-04 12:40:05 CEST;yes
2026-07-04 12:00:00 CEST;26.6;0;2026-07-04 12:45:05 CEST;yes
2026-07-04 12:00:00 CEST;26.6;0;2026-07-04 12:50:03 CEST;yes
2026-07-04 12:00:00 CEST;26.6;0;2026-07-04 12:55:05 CEST;yes
2026-07-04 13:00:00 CEST;28.1;0;2026-07-04 13:15:05 CEST;yes
2026-07-04 13:00:00 CEST;28.1;0;2026-07-04 13:20:05 CEST;yes
2026-07-04 13:00:00 CEST;28.1;0;2026-07-04 13:28:56 CEST;yes
2026-07-04 13:00:00 CEST;28.1;0;2026-07-04 13:30:04 CEST;yes
2026-07-04 13:00:00 CEST;28.1;0;2026-07-04 13:35:05 CEST;yes
2026-07-04 13:00:00 CEST;28.1;0;2026-07-04 13:40:05 CEST;yes
2026-07-04 13:00:00 CEST;28.1;0;2026-07-04 13:45:05 CEST;yes
2026-07-04 13:00:00 CEST;28.1;0;2026-07-04 13:50:05 CEST;yes
2026-07-04 13:00:00 CEST;28.1;0;2026-07-04 13:55:04 CEST;yes
2026-07-04 14:00:00 CEST;28.6;0;2026-07-04 14:15:04 CEST;yes
2026-07-04 14:00:00 CEST;28.6;0;2026-07-04 14:23:53 CEST;yes
2026-07-04 14:00:00 CEST;28.6;0;2026-07-04 14:25:04 CEST;yes
2026-07-04 14:00:00 CEST;28.6;0;2026-07-04 14:30:05 CEST;yes
2026-07-04 14:00:00 CEST;28.6;0;2026-07-04 14:35:05 CEST;yes
2026-07-04 14:00:00 CEST;28.6;0;2026-07-04 14:40:04 CEST;yes
2026-07-04 14:00:00 CEST;28.6;0;2026-07-04 14:45:04 CEST;yes
2026-07-04 14:00:00 CEST;28.6;0;2026-07-04 14:50:06 CEST;yes
2026-07-04 17:00:00 CEST;28.9;0;2026-07-04 17:30:06 CEST;yes
2026-07-04 17:00:00 CEST;28.9;0;2026-07-04 17:35:05 CEST;yes
2026-07-04 17:00:00 CEST;28.9;0;2026-07-04 17:40:05 CEST;yes
2026-07-04 19:00:00 CEST;29.0;0;2026-07-04 19:41:43 CEST;yes
